start_offset_hex,start_offset_dec,byte_budget,ref_count,ja,locks,kr
0x6F4,1780,104,1488,"どことも知れぬ雪の荒野。
そこを彷徨うは、名も記憶も失った一人の青年。",[],
0x75C,1884,161,15,"得体の知れない怪物に襲われ、あわや絶体絶命というその時、
彼を救ったのは獣の特徴を持つ少女、クオンであった。",[],
0x7FD,2045,116,1660,"保護された青年は『ハク』という名を与えられ、
クオンと共に旅をすることとなる。",[],
0x871,2161,106,19,立ち寄った山里の旅籠屋でハクを待っていたのは新たなる出会い。,[],
0x8DB,2267,173,2691,"義侠者共の頭領ウコン、大國ヤマトの貴人であるマロロ。
彼らと意気投合したハクは、ギギリと呼ばれる害蟲駆除に参加する。",[],
0x988,2440,194,1437,"ちょっと行って蟲を潰すだけの美味い儲け話に意気揚がる面々。
だが……それとは裏腹に、ハクはどこか言い知れぬ違和感を覚えていた{{LOCK_AT_DASH}}","[""{{LOCK_AT_DASH}}""]",
0xA4A,2634,65,8,"テメェ等、配置についたな？
そろそろ来るぜ。",[],
0xA8B,2699,16,1,うぃッス！,[],
0xA9B,2715,58,12,マロロ、具合の方はもう問題ねぇんだな？,[],
0xAD5,2773,131,1186,"にょほほほ、心配かけてしまったでおじゃるな。
この通り、気分爽快、完全復活でおじゃるよ。",[],
0xB58,2904,40,8,我が秘術、とくと御覧あれ。,[],
0xB80,2944,116,22,"一応、納得はしたが……
あんなのとやり合うなんて、ホントに大丈夫なんだろうな？",[],
0xBF4,3060,64,3467,ハクって、好きな食べ物が何か……覚えてる？,[],
0xC34,3124,13,4,……は？,[],
0xC41,3137,19,3,好きな食べ物,[],
0xC54,3156,34,6,いや、いきなりなんだ？,[],
0xC76,3190,70,7,帰ったら、ハクが好きなモノを食べさせて上げる。,[],
0xCBC,3260,28,3,だから、大丈夫かな,[],
0xCD8,3288,85,1012,ソレの何が大丈夫なのか判らないが……クオンなりの気遣いか,[],
0xD2D,3373,55,5,これ以上情けない所は見せられんな……,[],
0xD86,3462,19,1,…………ん？,[],
0xD99,3481,37,2,おお、けっこうデケエな。,[],
0xDBE,3518,13,1,んんん？,[],
0xDCB,3531,19,3,デカ……イ？,[],
0xDDE,3550,67,1892,いや、何か小さい……っていうか、小さすぎる。,[],
0xE21,3617,28,2,うへェ、スゲェ数。,[],
0xE3D,3645,95,19,"デケェなオイ。
確かに、あんなのに咬まれたらタダじゃすまねぇわ。",[],
0xE9C,3740,119,391,"いや、デカイって、あれがか？
自分が見たのはもっと、比べ物にならないぐらい{{LOCK_AT_DASH}}","[""{{LOCK_AT_DASH}}""]",
0xF13,3859,31,3,かかったぜ、マロロ！,[],
0xF32,3890,34,4,任されたでおじゃるよ。,[],
0xF54,3924,116,18,"マロロは胸を張って一歩前へ出ると、
体をよじりながら何やらブツブツ言い出した。",[],
0xFC8,4040,125,1054,"オンポコポコ、オンコロコロ、ポタナンパサラン、
サンミャクサンポタヤ、ホイサッサ……",[],
0x1045,4165,34,4,…………なあ、クオン。,[],
0x1067,4199,25,3,どうしたのかな？,[],
0x1080,4224,40,2,何だ、あの不気味な踊りは。,[],
0x10A8,4264,131,125,"不気味な踊り？　ああ、あれは踊りではなく術法……
あ、こちらでは呪法って言われてるかな。",[],
0x1135,4405,104,24,"印を結び、想念を力に変えるの。
比較的、弱くて根暗な人に向いてるかな。",[],
0x119D,4509,73,13,う…、マロの繊細な心はグサッときたでおじゃるよ。,[],
0x11E6,4582,61,157,ネェちゃん、何気に辛辣だな……,[],
0x1223,4643,149,30,"そう言えば、最初にマロロが何かするって言ってたが、この事か。
コイツがすることだからと聞き流してた。",[],
0x12B8,4792,43,6,いや、そんなことより、呪法？,[],
0x12E3,4835,70,435,まさかそんな魔法みたいなことが出来るはずが……,[],
0x1329,4905,34,5,にょほぉ{{LOCK_AT_DASH}}んっ！！,"[""{{LOCK_AT_DASH}}""]",
0x1355,4949,34,6,よっしゃ、よくやった！,[],
0x1377,4983,82,14,あ、後は任せたでおじゃる。もうヘトヘトでおじゃるよ……,[],
0x13C9,5065,37,5,本当に……魔法だと……？,[],
0x13EE,5102,70,422,テメェ等、残りのヤツを片付けるぞ！　続けぇ！！,[],
0x1434,5172,46,7,うぉぉぉぉぉぉぉぉぉぉぉッ！！,[],
0x1462,5218,58,13,それじゃあ、私達も行こっか。,[],
0x149C,5276,19,2,あ、ああ……,[],
0x14AF,5295,82,657,ええい、いろいろとツッコミたいが、今はこっちに集中だ。,[],
0x1501,5377,46,7,ハッ、ハァ、ハァ、ハァ{{LOCK_AT_DASH}}！,"[""{{LOCK_AT_DASH}}""]",
0x152F,5423,40,10,やるじゃねぇの、アンちゃん,[],
0x1557,5463,52,9,ハァ、ハァ……ゼェ、そ、そうか……,[],
0x158B,5515,37,6,な、何とか……なった……,[],
0x15B0,5552,91,1821,ま、ヘトヘトみてぇだし、後は俺達に任せてアンちゃんは休んでな,[],
0x160B,5643,91,18,こういったのは初めてだったんだろ？　そのくれえは多目に見るさ,[],
0x1666,5734,130,25,よォし……テメェ等、仕留めた獲物を回収するぞ！　大事な金ヅルだ、取り残すんじゃねぇぞ！,[],
0x16E8,5864,22,3,ウィ～ッス！！,[],
0x16FE,5886,70,2247,ウコンの号令に、笑い声を含みつつ男達が応える。,[],
0x1744,5956,145,22,やれやれ、犠牲者どころか、大きな怪我を負ったヤツもいないようだ。さすがは手練れ揃いというところか,[],
0x17D5,6101,28,4,ハク、左腕を見せて,[],
0x17F8,6136,67,220,側に来ていたクオンが、そっと手を取ってくる。,[],
0x183B,6203,22,3,痛ゥ……？,[],
0x1851,6225,64,15,いつの間にか二の腕を浅く切り裂かれていた。,[],
0x1891,6289,148,99,牙がかすったか、どこかに引っかけたのか、痛みがなかったのでクオンに手を取られるまで気付かなかった。,[],
0x1925,6437,19,4,そのまま、ね,[],
0x1938,6456,106,30,するとクオンは躊躇う事無く傷口に唇をあて、そこから血を吸い出し始めた。,[],
0x19A2,6562,25,10,んく……ペッ……,[],
0x19BB,6587,34,14,んな━━！？　何を……,[],
0x19DD,6621,67,306,毒が入り込んだかもしれないから。念のためだよ,[],
0x1A20,6688,34,11,いや、何もそこまで……,[],
0x1A4F,6735,91,32,チラリと、クオンと目が合う。気のせいか、その目が笑っている。,[],
0x1AAA,6826,34,14,何だこのイヤな予感……,[],
0x1ACC,6860,82,333,ヂュゥゥゥゥゥゥゥゥゥゥゥゥゥゥゥゥゥゥゥゥゥゥ{{LOCK_AT_DASH}},"[""{{LOCK_AT_DASH}}""]",
0x1B1E,6942,37,13,いだだだだだだだだッ！？,[],
0x1B43,6979,13,3,ペッ……,[],
0x1B50,6992,76,24,あはは、男子たるもの、この位で声を上げては駄目だよ,[],
0x1B9C,7068,43,11,おま……今の絶対にわざとだろ,[],
0x1BC7,7111,130,243,そんな批難を他所に、クオンは手慣れた手付きで傷口に軟膏を塗りつけ、布で巻き付けていく。,[],
0x1C49,7241,46,11,ハイ、お終い。これで大丈夫かな,[],
0x1C77,7287,16,1,いッ{{LOCK_AT_DASH}},"[""{{LOCK_AT_DASH}}""]",
0x1C87,7303,70,15,そしてトドメとばかりに、そこを軽く叩いてきた。,[],
0x1CD7,7383,79,59,文句を言ってやりたいが、クオンの笑顔にその気も失せた,[],
0x1D26,7462,76,6,笑顔にはこちらが無事だった安堵がこもっていたから。,[],
0x1D72,7538,25,1,そうだ、コイツを,[],
0x1D8B,7563,61,4,戦いの前に借りた鉄扇をクオンに差し出す。,[],
0x1DC8,7624,46,3,おかげで助かった、ありがとうな,[],
0x1DF6,7670,58,2544,……いいよ。それはまだ、ハクが持ってて,[],
0x1E3A,7738,85,6,何も持ってないと不便だろうし、もう少しハクに預けておくね,[],
0x1E8F,7823,46,5,いいのか？　大切な物なんだろう,[],
0x1EBD,7869,82,72,うん、とっても大切なものかな。とっても、とってもね……,[],
0x1F0F,7951,64,5,そこまでなのか？　そんなものを何でまた……,[],
0x1F4F,8015,76,4,今はハクが必要としているから。だからハクが持ってて,[],
0x1F9B,8091,76,6,……そうか。そこまで言うなら、ありがたく借りとくよ,[],
0x1FE7,8167,79,184,うん。貸すだけだから、何時かちゃんと返してもらうから,[],
0x2036,8246,79,8,ハク殿ハク殿、マロの呪法を見てくれたでおじゃるか！？,[],
0x208F,8335,106,8,マロの呪法にかかれば、あんなギギリなんてチョチョイのチョイでおじゃるよ,[],
0x20F9,8441,160,59,介抱したせいか、妙に懐かれたな。この男に別に含むものは無いが、こうも纏わり付かれると少々うっとうしい,[],
0x2199,8601,100,12,どうでぃ、アンちゃん。やけに不安がってたが、大したこと無かったろ？,[],
0x21FD,8701,58,61,指示を終えたウコンが、声を掛けてきた。,[],
0x2237,8759,79,11,そうだぜ、ついコッチまで不安になっちまったじゃねぇか,[],
0x2286,8838,40,4,「「ワハハハハハ{{LOCK_AT_DASH}}」」,"[""{{LOCK_AT_DASH}}""]",
0x22AE,8878,46,4,男達から一斉に笑い声が上がる。,[],
0x22DC,8924,67,51,いや、あれは……何て言うか、勘違いというかな,[],
0x231F,8991,13,1,勘違い？,[],
0x232C,9004,130,21,少し前に、アレよりもっともっとデカイ奴に襲われたんだ。まぁ、その時は間一髪で助かったが,[],
0x23AE,9134,55,9,つい、その巨大なヤツだと勘違いしてな,[],
0x23E5,9189,91,67,こんなヤツ等だと知ってたら、ここまで慎重にはならかった{{LOCK_AT_DASH}},"[""{{LOCK_AT_DASH}}""]",
0x2440,9280,52,9,……ん？　何か急に空気が変わった？,[],
0x2474,9332,25,6,……何……だと？,[],
0x248D,9357,52,9,今……もっと巨大なヤツと言ったか？,[],
0x24C1,9409,76,56,あ、ああ、同じような外見でもっと巨大なヤツだが……,[],
0x250D,9485,73,14,もしかして、胴が甲羅の様に硬そうじゃなかったか？,[],
0x2556,9558,19,3,そうだな……,[],
0x2569,9577,124,21,そう言われれば胴体は全体的に黒く光っていたような？　うん、いかにも硬そうに見えたな,[],
0x25E5,9701,64,48,あと、もっと角は長かった気がしたんだがなぁ,[],
0x2625,9765,49,8,オイ！　だとしたらヤベエぞ{{LOCK_AT_DASH}},"[""{{LOCK_AT_DASH}}""]",
0x2656,9814,34,7,ああ、こんな感じの……,[],
0x2682,9858,64,11,キヒィィィィィィィィィィィィィィィィィ！？,[],
0x26C2,9922,165,55,"突然のことだった。
藪の中から巨大な何かが飛び出し、
近くにいた男の前で巨大な鋏のようなモノが交差する。",[],
0x2767,10087,88,10,動くことも、声を掛ける間も無く、ナニカが宙に舞い上がった。,[],
0x27BF,10175,79,67,ぅ……うわぁぁぁぁぁぁぁぁぁぁぁぁぁぁぁぁぁぁッ！！,[],
0x280E,10254,13,2,何だ……,[],
0x281B,10267,43,6,うわっ、小さいのも来るぞ！！,[],
0x2846,10310,31,3,何が起こっている……,[],
0x2865,10341,89,9,"距離を取れ！
体勢を立て直してから、全員で一斉にかかるぞ！！",[],
0x28BE,10430,64,11,ウコンの号令に、何人かの男達が武器を取る。,[],
0x28FE,10494,83,61,"だが{{LOCK_AT_DASH}}、
辺りから次から次へとギギリが這いでてきた。","[""{{LOCK_AT_DASH}}""]",
0x2951,10577,67,11,き、気をつけろ、コイツ等{{LOCK_AT_DASH}}ガァァァッ！？,"[""{{LOCK_AT_DASH}}""]",
0x2994,10644,95,18,"皆が武器を構える余裕もなく、
追い回され、襲われていく。",[],
0x29F3,10739,13,3,ハク！！,[],
0x2A00,10752,13,50,ッ{{LOCK_AT_DASH}},"[""{{LOCK_AT_DASH}}""]",
0x2A0D,10765,28,6,悪い、助かった……,[],
0x2A29,10793,115,17,ハァ……道理で話が噛み合わないと思った。ハクが言ってたのはアレだったんだ……,[],
0x2A9C,10908,64,9,こいつは、もしかしなくてもマズイ……のか？,[],
0x2ADC,10972,34,3,でりゃあああああッ！！,[],
0x2AFE,11006,129,53,"テメェ等、一旦退くぞっ！！
まだ無事な奴は、動けない奴を担いで逃げろ！！
今すぐにだ！！",[],
0x2B7F,11135,46,3,二人とも何してる、早く逃げろ！,[],
0x2BAD,11181,22,4,あ、ああ{{LOCK_AT_DASH}},"[""{{LOCK_AT_DASH}}""]",
0x2BC3,11203,16,1,う……お？,[],
0x2BD3,11219,52,55,ひ……ひ……はひ……はひぃぃぃ……,[],
0x2C07,11271,85,7,…………なっ！？　オイ、なに人の足にしがみついてんだ！！,[],
0x2C5C,11356,37,4,あわわ……あわわわわ……,[],
0x2C81,11393,100,12,う、動けん！？　何してる、はやく自分の足で立て！　逃げられんだろ！,[],
0x2CE5,11493,100,266,むむむむ無理でおぢゃる、腰が抜けて動けないでおじゃるよ#@～～～#ッ！,[],
0x2D49,11593,94,11,こっちはお前がしがみついてるから動けないんだ！　いいから立て！,[],
0x2DA7,11687,118,330,いいいイヤでおじゃる、願いでおじゃる、置いてかないでほしいでおじゃるぅぅぅ！！,[],
0x2E1D,11805,70,10,だから立てと言ってるだろうが、死にたいのか！！,[],
0x2E63,11875,46,5,クソ、これじゃあ身動きがとれん,[],
0x2E91,11921,67,7,アンちゃん、何を遊んでいやがる、早くしろ！！,[],
0x2ED4,11988,64,473,どう見たらこれが遊んでるようにみえるんだ！,[],
0x2F14,12052,46,4,……あらら、囲まれちゃったかな,[],
0x2F42,12098,67,3,やけに落ち着いてるが、何か手立てがあるのか？,[],
0x2F85,12165,100,11,手立てというか、私だけ逃げるなら、どうとでもなるかなって,[],
0x2FE9,12265,25,162,クオンだけなら？,[],
0x3002,12290,40,6,うん、私だけなら,[],
0x302A,12330,16,36,コッチは？,[],
0x303A,12346,34,3,…………困っちゃったね,[],
0x305C,12380,79,9,オォイ、まさか見捨てて逃げるとか言わないだろうな！？,[],
0x30AB,12459,109,96,あはは、大丈夫だよ。このくらいで見捨てるのなら、とっくに見限ってたってば,[],
0x3118,12568,52,9,でもホント、どうしたらいいかな……,[],
0x314C,12620,28,5,…………ここまでか,[],
0x3168,12648,58,5,ちっ、しょうがねぇ。気は進まねぇが……,[],
0x31A2,12706,172,508,アンちゃん、ネェちゃん、少し頼みがある。ここは俺がなんとかするから、他の連中を率いて、できるだけ遠くに離れてくれ。,[],
0x324E,12878,19,2,何をする気だ,[],
0x3261,12897,43,5,……ちょっと待ってほしいかな,[],
0x328C,12940,82,11,最期の一つだったから、なるべく温存しておきたかったけど,[],
0x32DE,13022,118,175,いいかな？　これから突破口を作るから、合図をしたら一瞬だけ耳を塞いで目を閉じて,[],
0x3354,13140,61,7,そしてその後は、全力で駆け抜けぬけること,[],
0x3391,13201,25,2,それはあの時の？,[],
0x33AA,13226,34,4,そうか、閃光弾か{{LOCK_AT_DASH}},"[""{{LOCK_AT_DASH}}""]",
0x33CC,13260,61,87,な、何でおじゃる？　どうするでおじゃる？,[],
0x3409,13321,40,7,やるよ。三……二……一……,[],
0x3431,13361,25,4,今だ、走れッ！！,[],
0x344A,13386,67,4,ほぎゃ{{LOCK_AT_DASH}}ッ、目がっ、目が{{LOCK_AT_DASH}}っ！？,"[""{{LOCK_AT_DASH}}""]",
0x348D,13453,46,3,ああ、コイツを蹴落としたい……,[],
0x3654,13908,158,17,"命からがら逃げてきたハクたち。
安堵するも束の間、蟲を引き連れたボロギギリが、血の匂いをたどり追ってきた。",[],
0x36F2,14066,155,173,"このままでは、蟲達を里まで誘き寄せてしまう。
それを防ぐには、何としてもここで食い止めねばならなかった。",[],
0x378D,14221,125,41,"そこでハクは、クオン、ウコンと分かれ、
怯えるマロロと共にボロギギリを待ち伏せする。",[],
0x380A,14346,100,7,そう、ハクが思いついたのは、自らを囮にした捨て身の撃退作戦だった。,[],
0x386E,14446,52,4,おおっ、動いて行くでおじゃるよ！？,[],
0x38A2,14498,34,2,囮に引っかかったな……,[],
0x38C4,14532,53,5,"居た……
雑魚達と上手く離れている。",[],
0x38F9,14585,91,34,ところで、肝心のボロギギリをどうやって誘いだすでおじゃるか？,[],
0x3954,14676,19,1,ぶちかませ。,[],
0x3967,14695,13,1,ほにょ？,[],
0x3974,14708,76,4,あの呪法ってヤツを、全力でボロギギリにぶちかませ。,[],
0x39C0,14784,73,29,上手くいけば、アイツだけ釣り上げることが出来る。,[],
0x3A09,14857,37,3,マ、マロがでおじゃるか？,[],
0x3A2E,14894,116,8,"他に誰が居るんだ。
急げ、グズグズしてたら囮になった連中が喰われる羽目になる。",[],
0x3AA2,15010,110,27,"しししかし、そんなことをしたら、
マロに向かってくるのではおじゃらぬか！？",[],
0x3B10,15120,64,4,…………心配するな、その為に自分達がいる。,[],
0x3B50,15184,80,5,"今の間は……。
ホントに、ホントに大丈夫でおじゃるか？",[],
0x3BA0,15264,34,2,ああ、自分達を信じろ。,[],
0x3BC2,15298,16,1,ハク殿……,[],
0x3BD2,15314,119,443,"そう……そうでおじゃるよ。
親友を信じずして何を信じるというのでおじゃる。",[],
0x3C49,15433,56,4,"判ったでおじゃる。
やるでおじゃるよ！",[],
0x3C81,15489,25,1,いるだけだがな。,[],
0x3C9A,15514,67,4,まぁ、何かあったらウコン達が何とかするだろ。,[],
0x3CDD,15581,25,2,にゅおおおおお。,[],
0x3CF6,15606,76,68,ううぅ……くらうでおじゃる、にょほぉ{{LOCK_AT_DASH}}んっ！！,"[""{{LOCK_AT_DASH}}""]",
0x3D42,15682,64,4,……術を出す時の掛け声は何とかならんのか？,[],
0x3D82,15746,31,2,どうだ、来るか{{LOCK_AT_DASH}},"[""{{LOCK_AT_DASH}}""]",
0x3DA1,15777,52,2,何匹か一緒に来る……巻き込んだか。,[],
0x3DD5,15829,37,3,だが、あれくらいなら……,[],
0x3DFA,15866,64,23,みんな、作戦通り無理をせず引きつけてくれ。,[],
0x3E3A,15930,16,1,やった……,[],
0x3E4A,15946,40,3,いや、まだだぜ、アンちゃん,[],
0x3E72,15986,40,6,なんて、しぶといでおじゃる,[],
0x3E9A,16026,37,5,残念、これで終わりだよ！,[],
0x3EBF,16063,22,4,……来たかッ！,[],
0x3ED5,16085,58,29,ただいまっと。ハク、怪我とかしてない？,[],
0x3F0F,16143,55,7,いや、こっちよりそっちは大丈夫なのか,[],
0x3F46,16198,67,10,平気だよ。言ったでしょ、逃げるのは得意だって,[],
0x3F89,16265,82,9,やれやれ、あんなのを連れて来るたぁ、大したネェちゃんだ,[],
0x3FF4,16372,22,139,終わったな……,[],
0x400A,16394,28,4,ああ、終わった……,[],
0x4026,16422,28,3,………ハァ、疲れた,[],
0x4042,16450,104,14,"ハク殿、やったでおじゃるか！？
マロ達、死なないですむでおじゃるか！？",[],
0x40AA,16554,104,115,"ああ、これで終わりだ。
だからそんなに引っ付くな、鬱陶しい。",[],
0x4112,16658,82,9,やったでおじゃる、マロ達はやったでおじゃるよ、ハク殿！,[],
0x4164,16740,49,5,いや、分かったから離れてくれ……,[],
0x4195,16789,143,31,"それじゃあハク、帰ろっか。　戻ったら宴が待ってるから。
お酒にご馳走、あとはやっぱりお風呂もね。",[],
0x4224,16932,91,14,クオンの一言が、満身創痍のみんなに生きてることを実感させた。,[],
0x427F,17023,97,12,歓喜の声が広がっていき、それは勝鬨へと変わっていった。,[],
0x464C,17996,91,11,ボロギギリを倒したことで、ウコンに一目置かれたハクとクオン。,[],
0x46A7,18087,97,28,ウコン、マロロと共に、働き口を探すため帝都を目指すこととなった。,[],
0x4708,18184,128,14,"布を被った謎の二人組や、
辺境の姫君であるルルティエとの出会いもあり、一行の旅は続く。",[],
0x4788,18312,125,28,"道中、ノスリとモズヌが率いる山賊に襲撃を受け、
帝への献上品をすべて奪われてしまう。",[],
0x4805,18437,103,9,だがそれは、ノスリと通じモズヌの本拠を暴き出すウコンの計略であった。,[],
0x486C,18540,46,5,モズヌ討伐に向かうウコン一行。,[],
0x489A,18586,158,25,"一方、その場に残りルルティエを守る役を請け負ったハクは、
楽な仕事とばかりに呑気にくつろいでいたのだが……",[],
0x4938,18744,119,12,"ウコンは仲間達を引き連れ、
討伐衆と合流するため、山道の奥へと分け入っていった。",[],
0x49AF,18863,40,5,半刻ほども経っただろうか。,[],
0x49D7,18903,149,36,"やがて遠くから、何かが激しくぶつかり合うような音と、
大勢の男達のあげる鬨の声が聞こえてきた。",[],
0x4A6C,19052,25,2,始まったか……。,[],
0x4A85,19077,79,9,音の大きさから察して、戦いはかなりの規模みたいだな。,[],
0x4AD4,19156,88,297,あんなものに巻き込まれていたら、命がいくつあっても足りん。,[],
0x4B2C,19244,19,1,……ハク様。,[],
0x4B3F,19263,16,1,うおっ！？,[],
0x4B59,19289,37,2,い、いや……何でもない。,[],
0x4B7E,19326,76,4,あいかわらず、この巨大い鳥には慣れないな……,[],
0x4BCA,19402,19,1,それで何か？,[],
0x4BDD,19421,100,493,あ……はい。本当にごめんなさい。こんなことに巻き込んでしまって……,[],
0x4C41,19521,100,6,こんなこと？　ああ、ここに残ってルルティエを護ることになったことか,[],
0x4CA5,19621,49,5,いや……別に気にしなくてもいいさ,[],
0x4CD6,19670,103,19,あの合戦に駆り出されなくてすむんだ。こっちの方が断然マシというものだ,[],
0x4D3D,19773,124,8,しかも、ウコン直々の頼みだからな。気兼ねすること無く、こうして高みの見物でいられる,[],
0x4DB9,19897,76,18,ルルティエの方こそ怖かっただろうに。大丈夫なのか？,[],
0x4E05,19973,112,6,山賊たちにはウコンの手の者が混じっていたとはいえ、万が一ということもあった,[],
0x4E75,20085,28,2,だ、大丈夫です……,[],
0x4E91,20113,85,4,クオン様がいてくれましたし……も、もちろん、ハク様も……,[],
0x4EE6,20198,112,19,そう言ってくれるのは嬉しいが、自分がいたところで何ができたかは怪しいもんだ,[],
0x4F56,20310,73,5,立派だな、ルルティエは。さすがはお姫様ってとこか,[],
0x4F9F,20383,64,3,そ、そんな……っ！　お姫様なんて、私は……,[],
0x4FDF,20447,58,48,はて、そんな恥ずかしいことを言ったか？,[],
0x5019,20505,103,7,しかし、まあ……結果的にはウコン達に付いてきて良かったかもしれないな,[],
0x5080,20608,55,5,ふふん、こんな大変な目にあったのに？,[],
0x50B7,20663,145,24,ああ。もしウコン達に同行しないで、クオンと二人で旅をしていたとしても、やはりこの道は通ったはずだ,[],
0x5148,20808,70,4,そしたら、あの山賊たちに襲われていたかもしれん,[],
0x518E,20878,97,5,そうなった時、今みたいに無事に切り抜けられたかどうか判らんからな,[],
0x51EF,20975,124,20,いくら向こうにウコンの協力者がいるとはいえ、関係ない旅人まで助けてくれるとは限らん,[],
0x526B,21099,91,5,山賊達の信頼を得るために、あえて……って可能性もないではない,[],
0x52C6,21190,88,19,だから、ウコンについてきたのは正解だった。そう思っただけだ,[],
0x533E,21310,49,2,そうそう、そのとおりでおじゃるよ,[],
0x536F,21359,16,1,ぬおっ！？,[],
0x537F,21375,64,4,マロ達とハク殿は、一蓮托生の仲でおじゃるよ,[],
0x53BF,21439,103,21,マ、マロロ？　お前、何でここにいる？　ウコン達と一緒に行ったんじゃ？,[],
0x5426,21542,148,8,何を言うでおじゃる。ハク殿を残して行くのが心配で、ウコン殿に頼んでここに残してもらったでおじゃるよ,[],
0x54D0,21712,52,16,確かに、マロロの呪術は頼りになる。,[],
0x55CA,21962,160,12,そういえばコイツ、真っ青になってガタガタ震えていたな。いや、実際青くなっていたかどうかは化粧でわからないが,[],
0x5695,22165,175,11,少しだけでもいいから、マロにもこのことを話して欲しかったでおじゃる。何だが信頼されていないみたいで悲しいでおじゃるよ,[],
0x5744,22340,94,2,仕方ないかな。こういうのは相手に勘付かれたらそこでお終いだから,[],
0x57C4,22468,91,11,とにかく、ここで待機して、ウコン達が帰ってくるのを待つだけだ,[],
0x583C,22588,145,1,クソがッ！　ったく、見張りは何をしてやがったんだよォ！　あの隠れ家がバレるはずはねぇってのにヨ！,[],
0x58CD,22733,115,11,お頭……やっぱアレじゃねェですかい？　あのノスリって小娘が裏切ったんじゃ……,[],
0x59FF,23039,118,32,うるっせェな仕方ねェだろバカ、おめェらだって見たろあの乳！　ありゃ反則じゃん！,[],
0x5AB6,23222,139,14,ククッ……だが残念だったじゃん。あの乳娘、こんなとこに隠し通路があるとは夢にも思わねェだろヨ,[],
0x5BF6,23542,31,12,な、何でおじゃる！？,[],
0x5C40,23616,52,4,テ、テメェら……何でこんな所に！？,[],
0x5C74,23668,40,2,か、頭ぁ、どうしやすか！？,[],
0x5C9C,23708,107,22,"へヘッ、馬鹿かオメエは。
こんな奴等、蹴散らしちまえばいい話じゃねえの。",[],
0x5D07,23815,104,5,"しかも、コイツはとんだ土産が出来たぜ。
飛んで火に入る何とやらじゃん。",[],
0x5D79,23929,64,3,ウヒェヒヒヒヒ、たっぷり可愛がってやんよ。,[],
0x5DB9,23993,77,16,"よしテメェ等、女を取り押さえろ。
男は袋にしちまえ！",[],
0x5E06,24070,40,2,{{LOCK_AT_DASH}}ルルティエ、下がれ！,"[""{{LOCK_AT_DASH}}""]",
0x5E2E,24110,16,1,ひぅ{{LOCK_AT_DASH}},"[""{{LOCK_AT_DASH}}""]",
0x5E3E,24126,22,1,コココココ……,[],
0x5E54,24148,37,2,ぁ……ダメ、ココポ{{LOCK_AT_DASH}},"[""{{LOCK_AT_DASH}}""]",
0x5E79,24185,49,3,コカコココココ……コルルルル……,[],
0x5EAA,24234,37,2,に、に、逃げて下さい……,[],
0x5ECF,24271,76,23,何言ってる、ルルティエを置いてけるわけないだろうが,[],
0x5F1B,24347,37,3,ちが……ちがうんです……,[],
0x5F44,24388,70,4,おねがいです……そこの方達……逃げて下さい……,[],
0x5F91,24465,34,2,……あ？　何言ってんの,[],
0x5FB3,24499,133,27,このコ……このコ……普段大人しいですけど……怒るととっても凶暴になるんですっ、だから……,[],
0x6038,24632,55,3,ヘッ、そんな脅し、通用するとでも……,[],
0x607C,24700,16,1,グエッ！！,[],
0x608C,24716,19,1,ヒギャア！！,[],
0x609F,24735,19,1,…………え？,[],
0x60B2,24754,19,1,…………へ？,[],
0x60C5,24773,25,2,そういうこと……,[],
0x60DE,24798,43,16,コォォォォォォォォォォッ！！,[],
0x6109,24841,188,10,"モズヌ一家を討ち倒したハク一行はヤマトの将、オシュトルと出会う。
彼の放つ清廉な威厳は、まさに大人物を感じさせるものであった。",[],
0x61C5,25029,46,3,やがて、一行は無事帝都へ到着。,[],
0x61F3,25075,113,18,"帝の膝元である大都市の威容に圧倒されながら、
オシュトルの屋敷に案内される。",[],
0x6264,25188,185,20,"オシュトルの帰りを待っていたのは、可愛らしい妹、ネコネ。
彼女はその幼い容姿とは裏腹に、最年少で殿試に合格した才媛であった。",[],
0x631D,25373,55,3,さらに……衝撃の事実が明らかとなる。,[],
0x6354,25428,103,6,無頼の徒ウコンは、かの右近衛大将オシュトルが世を忍ぶ仮の姿であった。,[],
0x63BB,25531,115,150,彼の半ば強引な誘いに乗ったクオンに従い、ハクは共に隠密として働くこととなる。,[],
0x6B44,27460,98,6,"昼下がりの大通り。
あきらかに何時もより人集りと喧騒が増していた。",[],
0x6BA6,27558,74,5,"っと、何か妙に混んでないか？
歩くのも一苦労だぞ。",[],
0x6BF0,27632,31,7,ルルティエ、大丈夫？,[],
0x6C0F,27663,70,2,はい……大丈夫で……あっ、ご、ごめんなさい……,[],
0x6CE1,27873,74,6,"ハイです。
あれを……ちょうど来たみたいなのです。",[],
0x6DE6,28134,149,17,"金銀のきらびやかな装飾の施された、大きな車。
その後にも同じように飾られた荷車がいくつも続いている。",[],
0x6E7B,28283,170,8,"もうすぐ姫殿下の聖誕祭があるです。
その祝儀のため、諸国より皇や貴族の子息達が、帝都に上京してくるです。",[],
0x6FF1,28657,92,11,"ただ頭を下げる為だけに、
わざわざ遠いところからご苦労様だな。",[],
0x704D,28749,86,6,"否定はしないですが、
それ以上は止めといた方がいいのです。",[],
0x70AA,28842,88,12,皆が兄さ……オシュトル様と同じではないのです。,[],
0x7102,28930,162,9,"アンジュ姫殿下は、現人神である帝の、
ただ一人の直系である御方。
正真正銘の天子様なのですよ。",[],
0x71A4,29092,110,12,"この帝都、いえヤマトには姫殿下に命を捧げている者が、
ごまんと居るのです。",[],
0x7212,29202,110,6,"オシュトル様なら軽口ということですむことでも、
あまり目に余るようだと……",[],
0x7280,29312,61,3,ある日……忽然と消えることになるですよ？,[],
0x72BD,29373,22,2,そ、そうか……,[],
0x72D3,29395,122,14,"淡々とした口調がかえって恐いというか。
脅しているとかじゃ……ないっぽいな、コレ。",[],
0x734D,29517,28,2,しかし、意外だな。,[],
0x7369,29545,16,1,何がです？,[],
0x7379,29561,73,4,いや、何だかんだ言って心配してくれたんだな、と。,[],
0x73C2,29634,101,12,"顔見知りがある日突然居なくなっていたら、
さすがに夢見が悪いのです。",[],
0x7427,29735,31,1,……ソ、ソウデスカ。,[],
0x7446,29766,49,3,ホントに……脅しじゃ無いのね……,[],
0x7477,29815,98,6,"上京してくるのは、
ただ聖誕祭のためだけに来るわけではないのです。",[],
0x74D9,29913,158,13,"それがなくとも、もともとこの時期になると有力者達は、
跡継ぎなどを帝都へ送る仕来りになってたです。",[],
0x7577,30071,88,6,そして、何年かここで過ごさせ、様々なことを学ばせるのです。,[],
0x75CF,30159,104,15,"高名な学士に弟子入りする者がいれば、
学徒となり勉学に励む者も。",[],
0x7637,30263,98,6,"武に秀でた者は軍属になり、
名のある者の舎弟となる道もあるのです。",[],
0x7699,30361,73,4,そうなんですか……皆さんすごいのですね……,[],
0x76E2,30434,64,11,あの……ルルティエさまもそうなのですけど。,[],
0x7722,30498,16,1,えっ……？,[],
0x7732,30514,61,3,びっくりした様子でルルティエは聞き返す。,[],
0x776F,30575,61,3,……あの、もしかして知らなかったですか。,[],
0x77AC,30636,104,54,"わたしは……名代として、
帝に献上品を届けてきなさいとしか……",[],
0x7814,30740,125,6,"それは多分、ルルティエを不安にさせないよう、
親御さんが内緒にしてたんじゃないかな？",[],
0x789B,30875,49,2,言われると、そんな感じがするな。,[],
0x78CC,30924,91,14,ルルティエの話だと、とても子煩悩な御方みたいだから。,[],
0x7934,31028,55,3,それにしても、上手く考えられてるね。,[],
0x796B,31083,13,1,何がだ？,[],
0x7978,31096,125,7,"世継ぎなどをお膝元に置くことで、必要な知識を学ばせること。
忠誠心を植え付けること。",[],
0x79F5,31221,137,14,"絶対的な富と権力を見せつけて叛意をへし折ること。
ここで散財させる事による富や文化の活性化。",[],
0x7A7E,31358,73,4,パッと思いつくだけで、これだけの利点があるかな。,[],
0x7AC7,31431,86,11,"さすがは姉さまなのです。
この意味に気付いたですか。",[],
0x7B1D,31517,91,5,ネコネがチラリとこっち見て、フフンと自慢げな笑みを浮かべる。,[],
0x7B78,31608,46,3,いや、何故お前がドヤ顔なんだ。,[],
0x7BA6,31654,52,3,こっちだって、そのくらいは気付く。,[],
0x7BDA,31706,113,12,"他にも属国への牽制、散財させることによる弱体、
人質とかの意味もあるとかな。",[],
0x7C69,31849,46,3,敢えて言わなかったのに……,[],
0x7CBE,31934,55,3,あ……い、いや、今のは何ていうか……,[],
0x7CF5,31989,116,14,"いえ、わたしは気にしていませんから……
ハクさまもお気になさらないで下さい……",[],
0x7D69,32105,40,2,うぐ、逆に気を使わせた……,[],
0x7D91,32145,85,5,そんな話をしていると、例の行列が目の前を通り過ぎていく。,[],
0x7DE6,32230,125,14,"しかし派手だな。　飾られた衣装に煌びやかな装飾。
楽を鳴らして歌って踊って……",[],
0x7E63,32355,37,2,まるで何かのお祭りだな。,[],
0x7E88,32392,61,4,自分達がここに来た時とはずいぶん違うな。,[],
0x7EC5,32453,137,13,"話からしてルルティエもこの連中と同じ上京組のようだが、
コレと比べたらすごく地味というか……",[],
0x7F4E,32590,107,7,"まぁ、あんな格好をして、
歌って踊りながら練り歩けって言われても困るが。",[],
0x7FB9,32697,137,16,"権力の誇示と名を知らしめる為に、
こうして豪華な飾り付けをして派手に練り歩く家が多いのです。",[],
0x8042,32834,119,6,"さらに都のヒト達はお祭好きが多く、
こういった行列に拍車をかけてしまってるです。",[],
0x80B9,32953,70,4,貴族や豪族達が力を誇示する絶好の機会だからね。,[],
0x80FF,33023,116,16,"遠方の有力者にしてみれば少しでも名を売りたいから、
力が入るのも無理ないかな。",[],
0x8173,33139,119,7,"わたしは、こういったのはあまり好きでは無いです。
見苦しいですし騒がしいのです。",[],
0x81EA,33258,95,26,"中には見栄を張って、
分不相応に飾り付けたりする者もいるですよ。",[],
0x8249,33353,143,8,"その為に普段は爪に火をともすような生活をしている家も
あるとか。　本末転倒もいいところなのです。",[],
0x82D8,33496,128,15,"成程ね、ネコネとしては、
こういったギラギラしたのはあまり趣味じゃ無いのか。",[],
0x8358,33624,76,4,まあ、騒がしいのは苦手そうだから判らんでもないが。,[],
0x83A4,33700,107,9,"しばらくその豪華な行列を眺めていると、
その後から次の行列がやってきた。",[],
0x840F,33807,58,1,…………今度のはまた、えらく地味だな。,[],
0x84C6,33990,166,6,ルルティエと運んできた荷車は、派手ではなかったが細かな模様や綺麗な彩色がほどこされていた、品の良いものだった。,[],
0x85DA,34266,127,6,質実剛健と言えば聞こえはいいが、下手すると農作業をする時に使う荷車にも見えてしまう。,[],
0x868A,34442,161,7,"行列を眺めていた者達も見ていてつまらなくなったのだろう、
興味を無くしたようにそれぞれの仕事に戻っていった。",[],
0x87E3,34787,82,6,不意にどこからか、ネコネの名前を呼ぶ声が聞こえてきた。,[],
0x88DB,35035,64,7,それを見てネコネが少しばかり眉をしかめる。,[],
0x89FB,35323,25,7,……どうもです。,[],
0x8AF3,35571,141,7,"結構あからさまな態度なのだが、
少年はそれに気付いた様子は無く、
嬉しそうな笑顔を浮かべている。",[],
0x8BC7,35783,116,10,"見た目はいかにも人の良さそうな少年って感じだ。
嫌われそうには見えないんだが。",[],
0x8CB8,36024,77,11,"紹介しますです。
この方はキウルという同郷の者です。",[],
0x8D82,36226,165,6,"ネコネさんのお知り合いの方ですか？
申し遅れました、私はエンナカムイのキウルと申します。
よろしくお願いします。",[],
0x8ECE,36558,94,6,そうですか、薬師様でしたか……え？　姉……さま？,[],
0x8F9D,36765,104,9,"そ、そうですよね、吃驚した。
でも、ネコネさんが……ですか。",[],
0x90C0,37056,79,9,が、しばらくして我に返ったのか、慌てて視線をそらす。,[],
0x910F,37135,112,1,成程、猫をかぶった穏やかな佇まいのクオンに見惚れていたか。,[],
0x91F9,37369,16,7,ふゴッ！？,[],
0x92D8,37592,101,6,"あ……その、クジュウリのルルティエです……
よろしくお願いします……",[],
0x933D,37693,73,1,クジュウリ……ルルティエ……様？　もしかして……,[],
0x93F2,37874,91,5,あの……エンナカムイのキウルさまということは、もしかして……,[],
0x94CC,38092,64,6,い、いえ、こちらこそよろしくお願いします。,[],
0x95EB,38379,56,44,"おい、短すぎだろ。
何でそこで止める。",[],
0x96E6,38630,94,5,本人でも言い淀むのに、他人にそれを求められても困るです。,[],
0x9751,38737,46,1,じゃあ、何て言うか……あれだ。,[],
0x977F,38783,113,1,"頼りになるとか、信頼するとか、
もう一人の兄さまのような人だとかだな。",[],
0x97FD,38909,119,5,"心にも思ってないことを言わせる気ですか。
まるで鬼畜のようなヒトを追加するです。",[],
0x99DB,39387,61,5,クオンの言葉にコクコクと肯くルルティエ。,[],
0x9AF0,39664,44,4,"ハクだ。
まぁ、よろしく頼む。",[],
0x9BD3,39891,79,4,は、はい、やっと祖父からお許しが出まして、今年から。,[],
0x9CB8,40120,95,5,"他の方々と違い装飾もなく、
田舎者みたいで恥ずかしいのですが……",[],
0x9DC9,40393,110,4,"恥じてる様子は無かったのだが、
キウルはネコネの言葉にがっくりと落ち込む。",[],
0x9ED9,40665,183,3,"今回も『華美も過ぎれば醜いだけ。落ち着いた方が好きだ』
と言ってたネコネさんの言葉を思い出しまして、
そうしてみたんですよ。",[],
0x9FD7,40919,134,7,"……なんていうか、すごく判りやすいな。
こんな無愛想なチンチクリンが好きとは、物好きだね。",[],
0xA08B,41099,164,3,"それはいいのですが、そろそろ移動した方がいいのです。
いつまでもそこで立ち止まってると、周りの迷惑になるです。",[],
0xA191,41361,143,3,"あっ{{LOCK_AT_DASH}}！？　いけない、長々と申し訳ありません。
後ほど挨拶にうかがいますので、それではまた。","[""{{LOCK_AT_DASH}}""]",
0xA2D9,41689,136,3,ハクもあのくらい……とまでは言わないけど、もう少しだけあのコみたいなら可愛げがあるのかな？,[],
0xA3EE,41966,22,4,姉さま？,[],
0xA4EC,42220,46,3,ね、ルルティエもそう思わない？,[],
0xA5ED,42477,130,3,それは違うのです。キウルが話しかけてくるのは、わたしが兄さまの妹だからなのです。,[],
0xA67F,42623,134,4,"キウルは兄さまの弟分なのですよ。
兄さまとキウルは兄弟の誓いを結んでいまして。",[],
0xA7FE,43006,95,3,"そう……なんだ。
ちなみにネコネは彼のこと、どう……思ってるの？",[],
0xA873,43123,152,3,"未熟、金魚の糞、世話の焼ける、詰めが甘い、泣き虫、
精神的に脆い、努力は認める、才能はあるのに、",[],
0xAABE,43710,89,2,"意味がよく判らないです。
何故、迷惑に思う必要があるですか？",[],
0xABF7,44023,61,3,去りゆく一行を振り返り、そっと涙した……,[],
0xB0F9,45305,85,3,まあ、焦ったところで良い人材が見つかるとは限らないしな。,[],
0xB1C8,45512,142,2,ふっくらとしてて、微かな甘みと絶妙なモチモチ加減……人材捜しより、美味い物探しの成果は上々だな,[],
0xB2FF,45823,82,2,あやや、後ろ姿は格好良かったのに、前からは残念賞や……,[],
0xB3F5,46069,122,9,"まぁ、ええか。　なぁなぁおにーさん。
ちょっと道を尋ねたいんやけど、いいけ？",[],
0xB4DD,46301,109,2,この『帝都百選』に載ってる白楼閣って名の旅籠屋、どこか知らん？,[],
0xB5D1,46545,98,3,"ホントけ？
なあなあ、良かったらどう行ったらいいか教えてくれへん？",[],
0xB69B,46747,118,3,ふぅん、お兄さんって白楼閣に住んでたんか。じゃあ、これからお隣さんになるんやね,[],
0xB7B1,47025,124,2,さっきから、手元への視線が気になるんだが。正確には、自分が喰っているモノへの視線が,[],
0xB8CA,47306,73,2,ホントけ？　催促したわけやないけど、ありがとな～,[],
0xB9DF,47583,68,2,"ああ、名前な。　ハクだ。
ハクと呼ばれている。",[],
0xBAF4,47860,64,2,そうか、ちゃんとしたいい名前だったんだな。,[],
0xBBD7,48087,73,2,それはいいとして、おにーさんてば、ほんに残念賞や,[],
0xBCF7,48375,118,2,なのに、ふり返ったらガッカリやなんて……ウチのトキメキを返して欲しいくらいやわ,[],
0xBD6D,48493,175,2,なにがトキメキだ、この純情なおにーさんの砕け散った心を返せ。さんざん持ち上げておいてから、どん底に落としおってからに,[],
0xBED7,48855,140,2,"なあなあ、その白楼閣ってどんなトコなん？
ウチな、帝都に来るの初めてやから、何も知らないんよ。",[],
0xBF63,48995,119,2,"どんなところ……と言われてもな。
そうだな……とりあえずデカイ湯船の風呂がある。",[],
0xBFDA,49114,104,2,"泊まり心地はいいな。
寝床は広いし、メシも美味いし、特に風呂は最高だ。",[],
0xC094,49300,110,3,"ふわ～、それは楽しみやぇ。
ウチを出て独り暮らしを選んだの、正解かもな～。",[],
0xC19A,49562,119,3,"何でも仕来りらしくて、
姫殿下の聖誕祭に合わせて上京することになってな？",[],
0xC292,49810,116,2,"もしかしてルルティエやキウルと同じか。
つまり、いいとこのお嬢さんってことか？",[],
0xC39D,50077,173,2,"しかし、何処にも付き添いが居ないな。　そうだとすれば、
家来の一人くらい連れているはずなんだが……考えすぎか。",[],
0xC4BE,50366,70,2,ん～？　窮屈で邪魔やから、脱け出してきたんぇ。,[],
0xC5AC,50604,143,2,"とと様が屋敷を用意してくれたみたいやけど、
そんなんよりナイショで一人暮らしすることにしたんぇ。",[],
0xC6E6,50918,49,2,まぁ、こっちには関係ないことか。,[],
0xC7E0,51168,119,17,"ふわぁ#@～～#、なんか他のと違う、見たことない感じで綺麗やなぁ。
いい雰囲気やぇ。",[],
0xC8D4,51412,47,2,"あ、お帰りハク。
成果はあった？",[],
0xC9C1,51649,125,2,"そっか。　うん、仕方ないかな。
簡単に見つかるものでもないし、焦らずに根気よく捜そ。",[],
0xCA9D,51869,149,2,"ほわわ、すごい別嬪さんや。
なぁなぁおにーさん、この別嬪さんて、知り合いなんけ？",[],
0xCB8E,52110,119,2,"ああ、今日からここに住むらしい。
道が判らないって言うから、案内してきたんだが。",[],
0xCCD8,52440,128,2,"同じくここを仮住まいとしているから、
何か困ったことがあったら遠慮無く言ってほしいな。",[],
0xCD8A,52618,137,2,"もしかして、アレなん？　クオンはんとおにーさん、ひょっとして……
恋人同士だったりするんけ？",[],
0xCEE2,52962,76,5,ていうかクオンと恋人同士？　考えたこともなかった。,[],
0xCFDF,53215,43,3,なんでそこで残念そうなんだ。,[],
0xD0FC,53500,122,2,"せっかく帝都に来たんやもん。
どうせなら火傷をするような恋の一つもしてみたいんよ。",[],
0xD1DB,53723,61,5,いややなぁ、恋をしに来たに決まってるぇ。,[],
0xD22B,53803,37,1,迷い無く言い切ったよ……,[],
0xD269,53865,154,2,ほんなら、もう行くな？　とと様が追っ手に四天王なんか差し向けてくるから、ちょっとだけ疲れちゃったんよ。,[],
0xD3B7,54199,104,2,"それなら、お風呂で汗を流してくるといいかな。
ここのお湯は最高だから。",[],
0xD4D9,54489,52,2,手を振りながら去って行くアトゥイ。,[],
0xD582,54658,149,2,"否定はしないが、お前が言うなと言う気持ちで一杯だ。
変わっているという点ではクオンも負けてないだろ。",[],
0xD8D4,55508,88,2,オシュトルの弟分であるキウルも加わり、意気揚がるハクたち。,[],
0xD981,55681,167,2,"かの盗賊一味は、捕縛された後に収監されていたが、
官吏の隙をついて脱獄し、広い帝都のどこかに潜伏しているという。",[],
0xDB00,56064,76,2,一目散に逃げるモズヌを、ハクたちは必死で追う{{LOCK_AT_DASH}},"[""{{LOCK_AT_DASH}}""]",
0xDBEA,56298,97,9,なんですって！　こいつはおもしれえ、返り討ちにしてやりやしょうぜ,[],
0xDCF5,56565,52,2,げえッ！？　あ、アイツは{{LOCK_AT_DASH}}！！,"[""{{LOCK_AT_DASH}}""]",
0xDDC7,56775,94,2,非道い言われようだな。まぁ、あれだけやられたら無理も無いか……,[],
0xDEFA,57082,25,2,ルルティエ様！？,[],
0xDFD1,57297,85,2,あ、あの……ごめんなさい……この間はココポがご迷惑を……,[],
0xE0CE,57550,85,3,ちょっと大きいだけの、優しい普通のホロロン鳥なんです……,[],
0xE1D7,57815,91,2,どう見たって禍日神に取り憑かれてるじゃんヨ！,[],
0xE2AA,58026,113,2,"これが普通のホロロン鳥に見えるってか？
オメェ等、目が腐ってんじゃねえの！？",[],
0xE3E4,58340,40,3,二人とも、何で目をそらす。,[],
0xE4F1,58609,67,3,ココポは……ココポは……地味なんかじゃない！,[],
0xE5E6,58854,73,7,や、ヤッちゃうぞテメェ等……やっちゃうからな！？,[],
0xE6E6,59110,149,3,"束の間の安らぎを堪能するハクたち。
この先も彼らは、帝都に安寧をもたらすため、奔走することであろう。",[],
0xE7CD,59341,85,2,アトゥイを仲間に加え、さらに活躍の場が広がったハクたち。,[],
0xE8EF,59631,82,1,常勝無敗の智将であり左近衛大将ミカヅチの兄、ライコウ。,[],
0xE9CD,59853,64,1,強弓の使い手、イズルハ皇、調弦のトキフサ。,[],
0xEAB5,60085,100,1,歳幼くも既に皇としての威厳を湛える皇女アンジュに、民衆は熱狂した。,[],
0xEC00,60416,109,1,ミトに請われるまま、記憶をなくしてから今までの境遇を話して聞かせるハク。,[],
0xECC3,60611,98,1,"ハクはどこか切ないような、
言いようのない思いに囚われたのだった。",[],
0xF6FC,63228,64,1,白楼閣に突如現れた年端のいかない謎の少女。,[],
0xF791,63377,113,2,"だが、奔放無比な彼女こそが、
ヤマトの姫殿下こと皇女アンジュその人であった。",[],
0xF8F5,63733,82,1,あ……ハクさん……ルルティエさん……おかえりなさい……,[],
0xF9AF,63919,121,5,こんな優しげなナリでもオシュトルを兄と仰ぐだけあって、それなりに打たれ強い,[],
0xFAFB,64251,61,1,少し前に、突然あの御方がやって参りまして,[],
0xFBEE,64494,28,1,クオンはどうした？,[],
0xFCF4,64756,34,1,何処からそれ……,[],
0xFDE5,64997,67,1,何やら聞いてはいけないことを呟いているし……,[],
0xFECC,65228,64,1,皇女以前に、乙女としてどうなんだコレは……,[],
0xFFCF,65487,85,7390,姉さま、どうしたで……姫殿下、いらしてたですか……,[],
0x10093,65683,61,1,ちょ、ちょっと待て、そんな約束してないぞ,[],
0x100DD,65757,55,1,違うから、そんな泣きそうな目で見るな,[],
0x101FA,66042,76,1,堅いことを言うでない、余と其方の仲であろう,[],
0x102DD,66269,160,1,前にも思ったが、姫殿下ともなれば好きなモノを好きなだけ食べれるだろうに。何でそんな食い意地がはってるんだ？,[],
0x103F6,66550,151,5,肉ばかりでは無く野菜も食べなければダメだの、食べ過ぎは身体に毒だの、虫歯になるから甘いモノは禁止だの,[],
0x1048D,66701,154,1,挙げ句には、屋台の串焼きが喰いたいと言ったら、そんな下賤なモノは余が食すには相応しくないなどと,[],
0x105B3,66995,157,1,それに比べ、ここは口うるさいやつはおらぬし、喰うたことのない美味い菓子を食べ放題。まるで桃源郷のようじゃ,[],
0x106E5,67301,40,1,だからそれはやめろって……,[],
0x107E6,67558,40,1,さっきからどうかしたのか？,[],
0x108A9,67753,100,1,高級なものじゃなくていい。確か買い置きしていたお徳用のがあっただろ,[],
0x109C9,68041,85,1,言っとくが、そんなに喰っちゃ寝して、太っても知らんからな,[],
0x10AFE,68350,103,1,だから、太ったりせぬと言うておろう。余は帝の直系たる天子じゃ,[],
0x10BEA,68586,109,1,どういう意味だ？　口ぶりからして本当に太ったりしないようだが。祝福……？,[],
0x10CC4,68804,100,1,何で、そんな下らぬことで一々騒いだりしているのか、余には理解出来ぬ,[],
0x10DFC,69116,148,4,アンジュの太らない発言の後、二人の自分に向ける視線が更に痛いものになってきた。ここは一時撤退だ……,[],
0x10EB2,69298,110,1,"ルルティエと一緒に台所へ向かっていると、
背後から涼しげな声が掛けられた。",[],
0x10FD7,69591,55,1,例えるなら、静かに佇む山のような……,[],
0x110DF,69855,77,2,"そうか、貴公が……
オシュトル殿の紹介により参った。",[],
0x1112C,69932,137,1,"オシュトルからの？　そう言えば、どこかで聞いたような……
いったい……ていうか、誰だっけ……",[],
0x111B5,70069,125,1,"オシュトルの知り合いで、この雰囲気というか存在感。
ただ者じゃ無いってことは判るが。",[],
0x112F4,70388,85,1,ムネチカと名乗る女性は、そう微笑むと手を差し出してくる。,[],
0x1137A,70522,136,1,その言葉にルルティエは遠慮がちながらも、嬉しそうにムネチカと名乗る女性の両手を握りしめた。,[],
0x114B4,70836,94,1,小生、この楼閣に入り浸っているさる御方を迎えに参った。,[],
0x115B4,71092,113,1,"オシュトルの紹介と言っていたが……
そのまま無条件に信じるのはマズイだろう。",[],
0x116D1,71377,98,1,"ルルティエ、自分はこの人を案内するから、
悪いがそっちの方は頼む。",[],
0x11CEB,72939,43,2,……約束を、交わしましたな。,[],
0x11FD1,73681,170,1,"成程、少々お戯れが過ぎる。
姫殿下の指南役を聖上より賜った身として躾が必要と判断させていただく。",[],
0x121E8,74216,64,1,其方、余を裏切るのか{{LOCK_AT_DASH}}ぅあ！？,"[""{{LOCK_AT_DASH}}""]",
0x12B92,76690,115,11,御所には古今様々な書物があり、姫殿下を退屈させることの無い話し手もいましょう,[],
0x12EF6,77558,109,1,まったく融通が利かないヤツじゃ。そんなだから嫁のもらい手がないのじゃ……,[],
0x1312D,78125,118,58,そんな環境で、勉学や公務ばかりの毎日では、抜け出したくなるのも当然じゃないかな,[],
0x13AFF,80639,16,1,これは……,[],
0x13CF2,81138,88,1,何を寝惚けているです。あの方は本来指南役などではないのです,[],
0x146F9,83705,80,1,"誤魔化すでないっ！
返すのじゃ、それは余の書冊じゃぞ！",[],
0x14FE8,85992,101,2,"義賊として帝都で活動するノスリは、
持ち前の善意から協力を決意する。",[],
0x151A9,86441,134,1,"良いか、傷付けるような真似は厳禁だ。
絶対に本気を出すなよ？　相手に花を持たせてやるのだ。",[],
0x152D8,86744,70,1,狂言誘拐とは、姉御もまた酔狂な真似をしなさる。,[],
0x153FD,87037,37,1,……のう、ノスリとやら。,[],
0x1599D,88477,55,1,ハ、ハク！？　何故其方が！？,[],
0x15DCB,89547,92,1,"いや、脅迫状？
には検非違使などに知らせるなと書いてあったろ。",[],
0x15ECD,89805,95,1,"そう言われると、
そんなことを書いたような書かなかったような……",[],
0x15FF0,90096,89,1,"そりゃ、なお悪いだろ。
少しは自分の立場ってもんを自覚しろ。",[],
0x16AC0,92864,73,1,そうだね、我儘を許しちゃいけないよね！,[],
0x16FAE,94126,113,2,"おおぃ、ちょっと待て！
おま……オシュトルに知らせたって、何てことしてんだ。",[],
0x1719B,94619,137,1,"おお、オシュトル！　オシュトル～！　ここじゃぞ！
其方のアンジュはここにおるのじゃ！",[],
0x176EC,95980,37,1,うむ、オシュトルとじゃ。,[],
0x17CD0,97488,106,1,かかる事態を招いたからには、某は位を返上し、お詫び致す所存。,[],
0x17F87,98183,201,2,"某の不行届きに、雪辱の機会を授けて下さるというお心遣い、
恐悦至極に存じ奉りまする 。",[],
0x182F7,99063,49,1,………………ほぎゃああああッ！？,[],
0x18EE6,102118,142,2,あ、待って。まだ行かない方がいいかな。香がまだ霧散していないから、それを吸い込んだりしたら……,[],
0x18FD8,102360,67,5,危な……この甘い香り、まさかここまでとは……,[],
0x191D5,102869,46,1,姉上は礼儀正しき義賊ですからね,[],
0x1A3E1,107489,82,2,それが、条件だ。でなければ、奴等の砦へは行かせられんぞ,[],
0x1AEF0,110320,131,2,"心配すんな！　お前等を見捨てたりなんかしねえよ。
俺達は苦楽を共にしてきた家族じゃんよ。",[],
0x1AFDC,110556,131,2,"俺、最近好きな女が出来たんっすよ！
もうすっかり諦めてたけど、告白とかしちまおうかな！？",[],
0x1B293,111251,150,1,"それを掠め取っておいて悪びれもしない、
そんな輩が往来を歩いていたら民が安心して過ごせない。
違うか？",[],
0x1BFE7,114663,34,2,ハクさん、そろそろ……,[],
0x1C1C6,115142,76,1,私の名を騙り、重ねた悪行の数々……償わせてやろう。,[],
0x1C59D,116125,152,2,"玉座に鎮座する帝と、傍に控える女性。
それはミトとホノカであり、ハクはすんでのところで言葉を飲み込む。",[],
0x1DBB7,121783,175,1,ちょいと調べたら灰色どころか真っ黒な話がボロボロと出てくる悪質なとこで、案の定、免状の無い闇賭博だったってわけだが。,[],
0x1DFB3,122803,95,2,"そうしたいのは山々なんだがなぁ。
何度そうしようと思ったことか。",[],
0x1E092,123026,119,1,"奴等の横の繋がりは網の目のように広がってやがるからよ、
その影響が半端ねえんだ。",[],
0x1E1EC,123372,155,1,"只でさえこっちを見下してるとこに、強引な手を使ってみろ。
修復不能な遺恨を残すことになる。",[],
0x1E287,123527,131,1,"身勝手な解釈が好きな連中だ。
なにを言っても、言いがかりとして受け取ってくれるだろうな。",[],
0x1E5F4,124404,58,2,それに、飲み行かねえかって誘っただろ。,[],
0x1E6C8,124616,146,1,"しかも、あのデコポンポが催す宴だぜ。
贅を尽くした料理や酒が山のように並べられるだろうよ。",[],
0x1E9B6,125366,110,1,"しかし、招待状を見せるだけで、すんなり入れるとはな。
拍子抜けってのか……",[],
0x1EEB4,126644,140,1,"ああ、やってることは闘鶏と同じでな、
蟲と蟲、あるいは蟲と凶暴な動物を闘わせるんだ。",[],
0x1EFBB,126907,122,2,"蟲を都に持ち込むのは厳禁なんだよ。
逃げて下手に繁殖されると、その駆除が大変でな。",[],
0x1F1D5,127445,167,1,"生き餌にされていて、もう助からない子供を焼き殺した……
酒の席でお袋にそう語った親父の顔は、今でも忘れられんよ。",[],
0x1F4B0,128176,98,1,"おいおい、こんだけハッキリした証拠があるのに、
まだ足りないのか？",[],
0x1F6E3,128739,31,1,シャ{{LOCK_AT_DASH}}ッッ！！,"[""{{LOCK_AT_DASH}}""]",
0x1F7D7,128983,113,1,"ぬぁ！？　く、くぬぅ、昆虫の分際で。
こっちが本気になれば、お前なんかな……",[],
0x1FAE5,129765,146,1,"ったく、面倒くせぇな……ひぃ、ふぅ、みぃ……ん？　足りねえ？
おい、どういうこった、足りねっぞ！！",[],
0x1FC93,130195,150,1,"やべぇ……オイやべぇよ！
てこたぁ、檻の鍵は全部外れてるってことじゃねえか！
じょ、冗談じゃねぇぞ！！",[],
0x1FFB8,131000,101,1786,"胴元が客を煽っているうちに、
豪勢な料理がどんどん運びこまれてきた。",[],
0x201DD,131549,158,1,"いつものウコンなら、『腹が減っては戦は出来ぬ』とか言って、
まずは腹ごしらえしてから動くだろうに。",[],
0x205E1,132577,110,1,"クク、違えねえ。　そうだな、まずは腹ごしらえだ。
それからでも遅くは無え。",[],
0x206C9,132809,88,2,狙っていた一番大きな鳥のもも肉を手に取り、かぶりつく{{LOCK_AT_DASH}},"[""{{LOCK_AT_DASH}}""]",
0x207D4,133076,61,1,ああ、そろそろアレが始まるんじゃねぇか？,[],
0x209E5,133605,73,1,……あ……ああ、そういうことか。クソ、やられた。,[],
0x20DFB,134651,13,1,奴等は？,[],
0x20FF3,135155,34,1,ガフッ、モリモリ{{LOCK_AT_DASH}},"[""{{LOCK_AT_DASH}}""]",
0x211D5,135637,49,1,助け、誰かぁぁぁぁぁぁぁぁぁ！！,[],
0x212BD,135869,101,2,"そういや、主催者のデコポンポは！
これをどうやって収拾つける気だ！？",[],
0x213A5,136101,95,1,"何だと！？　まさかとは思ったが、
自分が招待した客を見捨ててか。",[],
0x218BC,137404,101,1,"お前、全然悪いと思ってないだろ。
それかこっちに恨みでもあるのか！？",[],
0x21BFE,138238,58,2,うおっ！？　ヤバイぞオイ、気付かれた。,[],
0x21D4B,138571,182,1,"コイツは……ちょいと悪趣味だが、かなりの値打ちモノとみた。
ここまで苦労させられたんだ、餞別にありがたく貰ってくぞ。",[],
0x21F00,139008,43,1,仕方ねえ、いったん隠れよう。,[],
0x223B5,140213,82,1,そんなことより、そっちも逃げないとヤバいんじゃないか？,[],
0x225CF,140751,104,1,"こんなこともあろうかと、
儂専用の小舟が密かに繋いであるにゃも。",[],
0x228FA,141562,55,1,こっちはこっちでどうにかしねぇとな。,[],
0x22AB8,142008,73,2,自殺行為だな、そんな隙を見逃してくれるハズが……,[],
0x22BF8,142328,16,1,……ああ。,[],
0x22DC1,142785,140,3,"火達磨になって暴れまわるボロギギリのせいで炎が燃え広がり、
辺りはあっという間に炎に包まれた。",[],
0x22FD3,143315,116,1,"この寒空で気楽に言うな！
くそぅ、ここにいて焼け死ぬよりかマシなのが腹立つ……",[],
0x231FC,143868,28,1,そんな気がした……,[],
0x233D6,144342,85,3,あ～……まさかとは思うが、噂は本当だったのかね。,[],
0x235C5,144837,122,1,"あの豪華な屋形船は、大炎上してる真っ最中だった。
火柱が赤々と夜空を照らしている。",[],
0x237DC,145372,143,1,"待機していたウコンの配下に着替えを手配してもらったが、
冷えた躰に帝都の夜風はきついものがある。",[],
0x23CE9,146665,64,1,ンなことよりアンちゃん、これは何だと思う？,[],
0x23EF0,147184,58,1,ニッと笑みを浮かべ、盃を投げ渡される。,[],
0x23F95,147349,113,3,"ちゃんと酒菜もあるぜ。
まぁ喰い損ねたのからしたら質素なもんだがな。",[],
0x24800,149504,92,2,"さぁて……な。
オシュトルにウコン……結局どちらも半端モンよ。",[],
0x249CB,149963,101,2,"ああ、そのことか。
どういう感じも何も……特に気にしたことは無いな。",[],
0x24ED1,151249,122,1,"親父は優しくも厳しい親父でなぁ……
民と一緒に苦楽を共にする、俺の憧れだったのさ。",[],
0x25199,151961,156,2,"まぁな。
最初は自分でやってて照れくさかったんだが、
そのうちこっちの方が、より親父に近いことに気づいた。",[],
0x254C5,152773,122,1,"この先、いかなる難関があろうとも、
アンちゃんとなら何とかなるんじゃねぇかってよ。",[],
0x255F1,153073,25,2,がはははははは！,[],
0x25BE8,154600,119,2,"かねてより侵攻の気配を見せていた強敵が、
ヤマト国境を越え、侵攻を開始したのだ。",[],
0x25DEB,155115,91,2,ハクたちは、戦慄しつつも敵の奇襲を阻止すべく作戦を立てる……,[],
0x25FF3,155635,62,2,"だからまだだ。
ノスリ、キウル、いけるな？",[],
0x260D9,155865,46,1,あはははは、待ちくたびれたぇ！,[],
0x263CA,156618,70,1,ウルゥル、サラァナ、下がっていてもいいんだぞ。,[],
0x269D2,158162,77,1,"どうした！？
自分の立場を忘れたわけではあるまいな？",[],
0x26ADB,158427,46,1,どうやら、ワケありみたいだな。,[],
0x26DDB,159195,134,1,"三年ほど前の御前試合にふらりと現れて、
警備の兵を蹴散らして飛び入り参加した無名の剣豪……",[],
0x26FBD,159677,171,3,"わたしも兄さまから聞いたことがあるです。
帝はその言葉を聞き、心意気や良し、
天晴れと賞賛したそうなのです。",[],
0x271F0,160240,19,1,ッ{{LOCK_AT_DASH}}！？,"[""{{LOCK_AT_DASH}}""]",
0x272FF,160511,19,1,ほう、疾い。,[],
0x2737E,160638,148,1,……その凄まじい太刀捌き故に、振り下ろした刀が陽炎の如く揺らいだようにしか見えないという,[],
0x274CD,160973,86,1,"な……正気か！？
今まで敵だった連中を信用しろってのか！？",[],
0x275F3,161267,16,3,それは……,[],
0x276E3,161507,67,2,とにかく、事情を詳しく説明して欲しいのです。,[],
0x28294,164500,127,1,しかし丘陵地の上をとられるとはな、小癪な真似を。そのしぶとさだけは褒めてやってもいい,[],
0x28492,165010,148,1,確かに、帝都から近く、後詰の兵の規模が分からぬ今、無理に攻めても下手をすれば逆襲される恐れがあるか,[],
0x287B9,165817,82,1,応とも、この勢いで帝都まで全てを踏みつぶしてくれるわ！,[],
0x289F8,166392,55,1,ならばそのまま潰れてしまえ{{LOCK_AT_DASH}}！！,"[""{{LOCK_AT_DASH}}""]",
0x28BCF,166863,101,1,"な、なんのまやかしか？
呪法か？　くっ、止まれ一旦攻撃を中止せよっ！",[],
0x28CEC,167148,56,2,"なん……だ……
何なのだ……これは……",[],
0x28EEF,167663,113,1,"見誤ったのだ汝等は。
そして、触れてはいけないものに触れてしまった。",[],
0x2969F,169631,137,2,"そこに立ちはだかるは、激憤する主君を諫め、
自ら殿を買って出た千人長ゼグニだった。",[],
0x298D8,170200,140,2,"はっ、ひとまず西へ……
この広いウズールッシャ、ヤマトといえど容易に追っては来られぬでしょう。",[],
0x29964,170340,173,1,"お命さえあれば再起は出来まする。
今は連絡がつかず各地に取り残された者達もいずれ皇の元へ再集結しましょう。",[],
0x29AE2,170722,58,1,皇は血に濡れた剣をかざした。,[],
0x29FEB,172011,22,1,あ、あれは……,[],
0x2A1DE,172510,73,1,某は帝の命により『蹂躙』せん。,[],
0x2A3FD,173053,46,1,この場はどうか、我にお任せを。,[],
0x2A4F6,173302,46,2,馬鹿めが……勝手にするが良い。,[],
0x2A8E9,174313,49,1,勇者たらん者を知らぬは戦士の恥。,[],
0x2ABF3,175091,82,2,通さぬ……我が身が滅ぼうとも……ここは絶対に通さぬ！！,[],
0x2AC9E,175262,103,1,だが、某もヤマトに仕え、帝に侍う者！,[],
0x2B0D0,176336,49,2,ふっ……一太刀は……浴びせたか。,[],
0x2B1BB,176571,70,1,ゼグニは満足げに微笑み、ゆっくりと崩れ落ちた。,[],
0x2B2AF,176815,131,1,"ゼグニ殿……某も、力尽きるときは貴殿のようにありたいと……
せつに願っている。",[],
0x2B582,177538,177,2,"しかし、グンドゥルアを逃がすため、
自ら捨て石となったウズールッシャ残党軍は地の利を駆使した
捨て身の攻撃で激しく抵抗。",[],
0x2B772,178034,165,2,"長を失った國にはすでに抵抗する意志もなく、
各地にヤマトの御旗が翻り、
事実上、ヤマトの直轄領として併合された。",[],
0x2BDF5,179701,200,1,"帰国後、老人ミトの願いにより遺跡調査を行うことになったハクたち。
示された場所は、今まで未調査だったウズールッシャのとある地域だった。",[],
0x2C2ED,180973,34,1,これは……お墓なのです,[],
0x2C3EE,181230,46,1,そうだ……気のせいじゃない……,[],
0x2C7FC,182268,16,1,……ハク？,[],
0x2C8F3,182515,19,1,あ……ぁ……,[],
0x2CBEB,183275,34,1,うひ、うひひひひ……♪,[],
0x2CCEE,183534,55,1,クオン、支援を！　一気に突き抜ける！,[],
0x2CDEE,183790,43,1,クッ{{LOCK_AT_DASH}}、塞がれた。,"[""{{LOCK_AT_DASH}}""]",
0x2CFC8,184264,61,2,突破口を見つけ出し、とっととズラかるぞ！,[],
0x2D4A2,185506,113,2,"あいつを倒せるかどうか判らん。
だが、動きを封じることが出来るかもしれない。",[],
0x2D5AF,185775,98,1,"あの金属の管に冷気が通ってる。
恐らくアレが棺を冷やしていたんだ。",[],
0x2D7F2,186354,74,1,"その必要は無い。
ただ、逃げる時間さえ稼げればな。",[],
0x2D8A2,186530,126,1,"で、でも、上手くいくですか？
管の側にはタタリがいるですし、
とても危険な事なのです。",[],
0x2D9F8,186872,22,1,クオンさま……,[],
0x2DBE1,187361,65,1,"カチンコチンだな。
ちょっと触ってもいいか？",[],
0x2DCDE,187614,91,1,わ、笑い事じゃないですよ、こんなのどうしたらいいんですか！？,[],
0x2DEC5,188101,98,1,"無いはずの記憶が刺激されるハクを、
クオンがつぶやいた一言が貫く。",[],
0x2EBB7,191415,92,1,"了解した。
なに、我等の手に掛かれば、容易いことだな。",[],
0x2EECC,192204,58,1,不味い、応援を呼ばれる前に片付けるぞ。,[],
0x2F0E8,192744,98,1,"おうさ。
期待されたからには、それに応えるのが男ってモンじゃない。",[],
0x2F3F3,193523,28,1,姉さま……？,[],
0x2F7DC,194524,98,1,"それを相手に気取らせず、
真綿で首を絞めるよう徐々に力を奪い{{LOCK_AT_DASH}}","[""{{LOCK_AT_DASH}}""]",
0x2F9DC,195036,37,1,一旦、射程外まで下がる。,[],
0x2FDBE,196030,83,1,"そしてあの漢。
ベナウィの右腕である戦狂い{{LOCK_AT_DASH}}","[""{{LOCK_AT_DASH}}""]",
0x2FFDD,196573,40,2235,ありゃま、誰かと思えば……,[],
0x302E0,197344,85,1,若い頃には、そういったことの一つや二つ、あるもんですぜ。,[],
0x303AB,197547,52,1,やれやれだ、ンなわけないでしょう。,[],
0x3047D,197757,140,1,"何も考えずに遊ぶのが子供の特権ってヤツなんだ。
ンなコト気にせず、思う存分に暴れたらどうです。",[],
0x305F6,198134,22,1,クオンさま……,[],
0x30DC0,200128,137,1,"しかも、クオンが落ち着かない様子だった……
まるで、この男との遭遇を警戒していたかの様に……",[],
0x30FF1,200689,28,3,ムッ、ならば{{LOCK_AT_DASH}},"[""{{LOCK_AT_DASH}}""]",
0x316E8,202472,82,2,なんて奴、トゥスクルにはこんな漢がいるのか……,[],
0x317D6,202710,101,1,"この漢が……
クロウがこうも呆気なく倒されるはずがないかな。",[],
0x31AFC,203516,16,1,え……！？,[],
0x321E8,205288,28,1,あれはおそらく精鋭,[],
0x323A2,205730,161,1,我は護神也 。仮面よ、根源の扉を開き、我に星盾を具わせたまえ,[],
0x32596,206230,152,1,"次々と繰り出される斬撃をかろうじて受け流すものの、
一方的に攻め立てられ、距離を空けることが出来ない。",[],
0x326BA,206522,122,1,"圧倒的な闘気をまとった槍撃を、
歯を食いしばって堪え、鍔迫り合いを続ける。",[],
0x329E5,207333,77,1,"お退きなさい。
貴女方の目論見は失敗に終わりました。",[],
0x32FD0,208848,118,2,いえ、問題ありません。言っていたとおり、結果がどうあれ彼等は退かざるを得ません,[],
0x330A1,209057,106,1,こんな馬鹿げている程に大胆な……大将、まるであの御方を思い出しやせんか,[],
0x338A7,211111,107,1,"焚き火を囲み、保存食として持ってきていた
燻製肉をもそもそと囓る。",[],
0x339EE,211438,104,2,"食事の後は普段のように、
見張りの分担を決め、各々の天幕へと潜り込む。",[],
0x33BE1,211937,64,2,こんな呆気なく死んでいいはずがないだろ……,[],
0x341FF,213503,92,1,"アンジュのことなら大丈夫かな。
オシュトルが側にいるんだから。",[],
0x34600,214528,65,2,"いや、違う。
物取りや追いはぎの類じゃない。",[],
0x346DE,214750,37,1,ウズールッシャの刺客……,[],
0x34AD9,215769,49,1,………おいおい、何か妙じゃない。,[],
0x34FF9,217081,25,2,どうした、ネコネ,[],
0x3508C,217228,28,1,もしかして……塩？,[],
0x351E7,217575,37,1,お前達は何か知らないか？,[],
0x35396,218006,109,1,仕方がない。みんな、疲れてるかもしれないが、荷物を纏めてすぐに出立しよう,[],
0x365F1,222705,95,2,"暗い牢獄では、満身創痍のオシュトルに、
苛烈な尋問が続いていた。",[],
0x367F7,223223,16,1,ヴライ……,[],
0x369D6,223702,130,1,まさか汝は……汝如きが、我等八柱の上に立てると思っているのではあるまいな？,[],
0x37199,225689,125,1,"そして手に鋭く光る短剣を握りしめ、
自らの喉に突き立てようとしていた。",[],
0x372EE,226030,49,1,ヴライ様！　今の物音は……うっ！,[],
0x377AB,227243,104,3,"それは否定せぬ。
だが、聖上は他を侮ったりなどしなかったがな。",[],
0x37B8C,228236,122,2,"おい……本気を出させる為の挑発なんだろうが、
こいつはちょいと効き過ぎじゃないか？",[],
0x37DFD,228861,34,1,おしゅを、まもるのか？,[],
0x387CF,231375,79,1,おぉぉぉぉぉぉォォォォォォォォォォォォォォォォッ！！,[],
0x388F0,231664,118,1,頭を垂れて吾等の血潮の礎となりし幾多の英霊に恐み恐み申す,[],
0x389A9,231849,100,1,真なる力で邪なるを退け、些かも欠く事なき真なる平和と調和を授け給え,[],
0x38DF0,232944,55,1,応さ！！　キウル、気合いを入れろ！！,[],
0x39200,233984,40,1,こっちもピンピンしてるぞ！,[],
0x393FA,234490,46,1,効いて……ない、だと……ッ！？,[],
0x39BC7,236487,62,1,"この我が……
地に膝をつくだと……？",[],
0x39DF0,237040,43,1,あぁ…本当に、ヤバかった……,[],
0x39EE8,237288,76,1,だい……じょうぶ、ちょっと立ちくらみがしただけかな,[],
0x39FE2,237538,55,1,当たり前だ。心配するに決まってるだろ,[],
0x3A7E2,239586,118,1,特にオシュトルを目の上の瘤にしている連中は、好機とばかりに罪を被せてくるはずだ,[],
0x3ADE2,241122,31,1,オウギ、手伝ってくれ,[],
0x3B1F5,242165,97,1,この紋章は帝の……まさかそのような物まで賜っていたとはな,[],
0x3B378,242552,154,3,だが、何も知らぬ衛士ならば、事態を未だ把握し切れていないはずだ。強引に押し切る事も可能かもしれぬ,[],
0x3B4D7,242903,67,1,しかし……そんなに上手くいくものでしょうか？,[],
0x3BDAD,245165,145,1,他の者では彼らの信頼を得られまい。これは某の弟分である其方にしかできないことだ,[],
0x3BFD1,245713,139,2,そんな状態でまともに動けるわけないだろ。いいから入っておけ。何よりお前は顔が知られすぎている,[],
0x3C3EA,246762,64,1,そうなのです。貴女一人でここに残ったら……,[],
0x3D1E3,250339,119,1,"ハクたちを無事に逃がすため、
オシュトルは単身ヴライを迎え撃つことを決心した……",[],
0x3D3EC,250860,25,1,ヴライ{{LOCK_AT_DASH}}奴だ,"[""{{LOCK_AT_DASH}}""]",
0x3DFBC,253884,76,1,すまぬな、この埋め合わせは何れさせてもらうよ,[],
0x3E3FB,254971,106,1,こんな時、男を信じて送り出してやるのが、いい女というものだ。判ってやれ,[],
0x3E7E4,255972,85,1,クオンがいなくなったら、誰が皇女さんを看る。クオンは残れ,[],
0x3E9F0,256496,55,1,皆連れて戻るから、安心しろ！,[],
0x3F5FD,259581,31,2,命より名を惜しむか。,[],
0x3FFE8,262120,25,996,ガッ{{LOCK_AT_DASH}}グ……,"[""{{LOCK_AT_DASH}}""]",
0x407F4,264180,34,1,我ガ負ケル……？,[],
0x40BEE,265198,28,1,オ、オシュトル……,[],
0x410E8,266472,70,1,其方と供にあった刻は、楽しかったぞ……,[],
0x414CA,267466,86,2,"未来をハクに託し、
オシュトルは塩の塊となり、崩れ去った。",[],
0x4159D,267677,182,1,"ネコネを伴いエンナカムイにたどり着いたハク扮するオシュトルは、
無事を願うクオンたちに自らの……すなわちハクの死を伝えた。",[],
0x41997,268695,137,1,"コマンドで口パクなしにもできます
・・・・　みたいなものとか心の声みたいなものに使用する予定",[],
0x437DE,276446,55,1,汝はあまりに小さく、そして脆弱,[],
0x43DF0,278000,58,1,ほぅ、皇女としての自尊がそれを許さぬか,[],
0x44BBE,281534,85,2,よかろう。ならばその資格があるか{{LOCK_AT_DASH}}、証明してみよ！！,"[""{{LOCK_AT_DASH}}""]",
0x44DDE,282078,52,1,よぅし、いい子だ。姐御、申し訳ない,[],
0x44FDF,282591,43,1,まったくもって、最高じゃない,[],
0x461EB,287211,22,1,今のは一体……,[],
0x463FE,287742,22,1,ううぅ…………,[],
0x473D9,291801,49,1,ふぅ、まったく……焦らせてくれる,[],
0x479A6,293286,94,1,ホノカさんが身を隠したのも首謀者に罪を擦り付けられたからだしな,[],
0x47A04,293380,106,1,さて問題は何処へ逃げるかだが……オシュトル、どこか当てはないか？,[],
0x485E9,296425,46,1,オウギ、一つ頼まれてくれるか？,[],
0x48FCC,298956,55,1,ウルゥル、サラァナは、こっちの方にな,[],
0x497D0,301008,61,1,何も見当たらないぞ。気のせいではないか？,[],
0x49FD8,303064,142,1,正直、蹂躙される場面しか思い浮かばん。オシュトルには悪いが、ここはこうするべきなのは間違いない,[],
0x4A5DB,304603,103,1,ふご！？　こ、だから暴れるな{{LOCK_AT_DASH}}、ノスリ、ネコネの足を持ってくれ！,"[""{{LOCK_AT_DASH}}""]",
0x4A9F2,305650,31,1,今のうちに行ってくれ,[],
0x4ACC8,306376,85,1,クオンがいなくなったら、誰が皇女さんを看る。クオンは残れ,[],
0x4BBA6,310182,91,2,我ガ伏ス時、其レ我ガ四肢ガモゲ魂魄砕ケ散ル時ッ！！,[],
0x4CDEC,314860,28,1,ネコネ……ハク……,[],
0x4CEFB,315131,13,2,あぅ……,[],
0x4D193,315795,103,1,確か其方と初めて肩を並べて戦ったのも、こんな場所だったな……,[],
0x4D1FA,315898,88,1,こうして目を閉じれば、まるで昨日のことのように思い浮かぶ。,[],
